Datetime,close,high,low
2026-01-14 13:05:00+00:00,159840,159970,159820
2026-01-14 13:10:00+00:00,160120,160160,159810
2026-01-14 13:15:00+00:00,160080,160330,160080
2026-01-14 13:20:00+00:00,160010,160130,159890
2026-01-14 13:25:00+00:00,160170,160210,160000
2026-01-14 13:30:00+00:00,160240,160350,160120
2026-01-14 13:35:00+00:00,160180,160380,160140
2026-01-14 13:40:00+00:00,160380,160400,160160
2026-01-14 13:45:00+00:00,160210,160390,160190
2026-01-14 13:50:00+00:00,160120,160310,160060
2026-01-14 13:55:00+00:00,159960,160140,159930
2026-01-14 14:00:00+00:00,159790,159960,159740
2026-01-14 14:05:00+00:00,159210,159860,159200
2026-01-14 14:10:00+00:00,159470,159550,158830
2026-01-14 14:15:00+00:00,159570,159600,159370
2026-01-14 14:20:00+00:00,159820,160000,159600
2026-01-14 14:25:00+00:00,159870,159880,159680
2026-01-14 14:30:00+00:00,159940,160120,159850
2026-01-14 14:35:00+00:00,160310,160400,159840
2026-01-14 14:40:00+00:00,160310,160400,160190
2026-01-14 14:45:00+00:00,160340,160470,160250
2026-01-14 14:50:00+00:00,160420,160470,160170
2026-01-14 14:55:00+00:00,160390,160530,160380
2026-01-14 15:00:00+00:00,160740,160740,160280
2026-01-14 15:05:00+00:00,160600,160750,160570
2026-01-14 15:10:00+00:00,160550,160670,160510
2026-01-14 15:15:00+00:00,160590,160680,160550
2026-01-14 15:20:00+00:00,160690,160740,160560
2026-01-14 15:25:00+00:00,160610,160780,160570
2026-01-14 15:30:00+00:00,160500,160580,160450
2026-01-14 15:35:00+00:00,160640,160650,160450
2026-01-14 15:40:00+00:00,160400,160650,160400
2026-01-14 15:45:00+00:00,160260,160470,160230
2026-01-14 15:50:00+00:00,160370,160380,160150
2026-01-14 15:55:00+00:00,160380,160430,160340
2026-01-14 16:00:00+00:00,160380,160460,160330
2026-01-14 16:05:00+00:00,160420,160430,160330
2026-01-14 16:10:00+00:00,160440,160460,160360
2026-01-14 16:15:00+00:00,160430,160470,160380
2026-01-14 16:20:00+00:00,160460,160520,160380
2026-01-14 16:25:00+00:00,160510,160580,160440
2026-01-14 16:30:00+00:00,160510,160580,160500
2026-01-14 16:35:00+00:00,160550,160570,160440
2026-01-14 16:40:00+00:00,160540,160570,160490
2026-01-14 16:45:00+00:00,160490,160540,160460
2026-01-14 16:50:00+00:00,160560,160600,160470
2026-01-14 16:55:00+00:00,160450,160540,160440
2026-01-14 17:00:00+00:00,160570,160600,160460
2026-01-14 17:05:00+00:00,160660,160660,160530
2026-01-14 17:10:00+00:00,160600,160710,160580
2026-01-14 17:15:00+00:00,160600,160690,160570
2026-01-14 17:20:00+00:00,160620,160650,160540
2026-01-14 17:25:00+00:00,160660,160750,160610
2026-01-14 17:30:00+00:00,160620,160670,160590
2026-01-14 17:35:00+00:00,160610,160640,160530
2026-01-14 17:40:00+00:00,160550,160630,160540
2026-01-14 17:45:00+00:00,160600,160600,160520
2026-01-14 17:50:00+00:00,160560,160600,160500
2026-01-14 17:55:00+00:00,160600,160630,160530
2026-01-14 18:00:00+00:00,160670,160670,160530
2026-01-14 18:05:00+00:00,160660,160700,160640
2026-01-14 18:10:00+00:00,160700,160740,160590
2026-01-14 18:15:00+00:00,160790,160800,160710
2026-01-14 18:20:00+00:00,160850,160870,160790
2026-01-14 18:25:00+00:00,160900,160910,160850
2026-01-14 18:30:00+00:00,160950,161090,160880
2026-01-14 18:35:00+00:00,160940,161010,160920
2026-01-14 18:40:00+00:00,161050,161060,160940
2026-01-14 18:45:00+00:00,161120,161200,161030
2026-01-14 18:50:00+00:00,161200,161250,161100
2026-01-14 18:55:00+00:00,161230,161290,161200
2026-01-14 19:00:00+00:00,161270,161280,161210
2026-01-14 19:05:00+00:00,161230,161330,161220
2026-01-14 19:10:00+00:00,161290,161360,161230
2026-01-14 19:15:00+00:00,161320,161350,161280
2026-01-14 19:20:00+00:00,161350,161400,161330
2026-01-14 19:25:00+00:00,161400,161400,161300
2026-01-14 19:30:00+00:00,161400,161470,161380
2026-01-14 19:35:00+00:00,161500,161500,161400
2026-01-14 19:40:00+00:00,161520,161550,161460
2026-01-14 19:45:00+00:00,161620,161640,161480
2026-01-14 19:50:00+00:00,161590,161640,161570
2026-01-14 19:55:00+00:00,161550,161600,161500
2026-01-15 13:05:00+00:00,162350,162500,162240
2026-01-15 13:10:00+00:00,162290,162490,162270
2026-01-15 13:15:00+00:00,162400,162500,162140
2026-01-15 13:20:00+00:00,162150,162380,162150
2026-01-15 13:25:00+00:00,162220,162310,162160
2026-01-15 13:30:00+00:00,162240,162240,161850
2026-01-15 13:35:00+00:00,162110,162300,162110
2026-01-15 13:40:00+00:00,162030,162290,161990
2026-01-15 13:45:00+00:00,161920,162150,161910
2026-01-15 13:50:00+00:00,162080,162120,161920
2026-01-15 13:55:00+00:00,162130,162210,162050
2026-01-15 14:00:00+00:00,162040,162160,161980
2026-01-15 14:05:00+00:00,162050,162110,161960
2026-01-15 14:10:00+00:00,161990,162090,161850
2026-01-15 14:15:00+00:00,161980,162010,161800
2026-01-15 14:20:00+00:00,161990,162040,161890
2026-01-15 14:25:00+00:00,162010,162060,161900
2026-01-15 14:30:00+00:00,161870,162060,161770
2026-01-15 14:35:00+00:00,161820,161970,161740
2026-01-15 14:40:00+00:00,161810,161860,161670
2026-01-15 14:45:00+00:00,161870,161970,161760
2026-01-15 14:50:00+00:00,161870,161970,161760
2026-01-15 14:55:00+00:00,161920,161930,161710
2026-01-15 15:00:00+00:00,162080,162150,161890
2026-01-15 15:05:00+00:00,162180,162210,162020
2026-01-15 15:10:00+00:00,162120,162180,162050
2026-01-15 15:15:00+00:00,162100,162170,162030
2026-01-15 15:20:00+00:00,162020,162160,162020
2026-01-15 15:25:00+00:00,162040,162080,161940
2026-01-15 15:30:00+00:00,162270,162340,162020
2026-01-15 15:35:00+00:00,162220,162330,162180
2026-01-15 15:40:00+00:00,162230,162350,162140
2026-01-15 15:45:00+00:00,162280,162320,162180
2026-01-15 15:50:00+00:00,162270,162350,162230
2026-01-15 15:55:00+00:00,162230,162300,162170
2026-01-15 16:00:00+00:00,162090,162270,162090
2026-01-15 16:05:00+00:00,162190,162240,162110
2026-01-15 16:10:00+00:00,162280,162280,162090
2026-01-15 16:15:00+00:00,162240,162360,162220
2026-01-15 16:20:00+00:00,162290,162340,162250
2026-01-15 16:25:00+00:00,162350,162410,162290
2026-01-15 16:30:00+00:00,162350,162390,162290
2026-01-15 16:35:00+00:00,162370,162380,162300
2026-01-15 16:40:00+00:00,162420,162420,162300
2026-01-15 16:45:00+00:00,162450,162500,162380
2026-01-15 16:50:00+00:00,162430,162470,162380
2026-01-15 16:55:00+00:00,162430,162450,162350
2026-01-15 17:00:00+00:00,162480,162530,162410
2026-01-15 17:05:00+00:00,162470,162510,162450
2026-01-15 17:10:00+00:00,162550,162580,162480
2026-01-15 17:15:00+00:00,162530,162570,162510
2026-01-15 17:20:00+00:00,162460,162530,162440
2026-01-15 17:25:00+00:00,162510,162540,162440
2026-01-15 17:30:00+00:00,162530,162530,162460
2026-01-15 17:35:00+00:00,162530,162580,162490
2026-01-15 17:40:00+00:00,162570,162600,162530
2026-01-15 17:45:00+00:00,162510,162630,162510
2026-01-15 17:50:00+00:00,162550,162570,162480
2026-01-15 17:55:00+00:00,162590,162630,162530
2026-01-15 18:00:00+00:00,162800,162890,162610
2026-01-15 18:05:00+00:00,162990,163000,162790
2026-01-15 18:10:00+00:00,162910,163000,162840
2026-01-15 18:15:00+00:00,162950,162950,162810
2026-01-15 18:20:00+00:00,162930,163000,162910
2026-01-15 18:25:00+00:00,162990,162990,162930
2026-01-15 18:30:00+00:00,162910,163000,162870
2026-01-15 18:35:00+00:00,162900,162950,162890
2026-01-15 18:40:00+00:00,162970,162980,162860
2026-01-15 18:45:00+00:00,162890,162980,162880
2026-01-15 18:50:00+00:00,162910,162950,162870
2026-01-15 18:55:00+00:00,162970,162980,162910
2026-01-15 19:00:00+00:00,162900,162970,162880
2026-01-15 19:05:00+00:00,162890,162950,162850
2026-01-15 19:10:00+00:00,162770,162890,162740
2026-01-15 19:15:00+00:00,162800,162820,162720
2026-01-15 19:20:00+00:00,162740,162840,162720
2026-01-15 19:25:00+00:00,162730,162810,162660
2026-01-15 19:30:00+00:00,162720,162760,162680
2026-01-15 19:35:00+00:00,162730,162740,162680
2026-01-15 19:40:00+00:00,162660,162770,162640
2026-01-15 19:45:00+00:00,162670,162690,162640
2026-01-15 19:50:00+00:00,162590,162690,162560
2026-01-15 19:55:00+00:00,162500,162620,162470
2026-01-16 13:05:00+00:00,162570,162660,162500
2026-01-16 13:10:00+00:00,162560,162570,162500
2026-01-16 13:15:00+00:00,162580,162600,162470
2026-01-16 13:20:00+00:00,162410,162580,162360
2026-01-16 13:25:00+00:00,162430,162500,162350
2026-01-16 13:30:00+00:00,162320,162470,162290
2026-01-16 13:35:00+00:00,162220,162340,162170
2026-01-16 13:40:00+00:00,162200,162300,162130
2026-01-16 13:45:00+00:00,162160,162200,162090
2026-01-16 13:50:00+00:00,162060,162200,162060
2026-01-16 13:55:00+00:00,161860,162100,161830
2026-01-16 14:00:00+00:00,161770,161900,161700
2026-01-16 14:05:00+00:00,161810,161850,161740
2026-01-16 14:10:00+00:00,161860,161940,161810
2026-01-16 14:15:00+00:00,161560,161890,161550
2026-01-16 14:20:00+00:00,161400,161600,161370
2026-01-16 14:25:00+00:00,161430,161480,161360
2026-01-16 14:30:00+00:00,161360,161450,161230
2026-01-16 14:35:00+00:00,161420,161580,161370
2026-01-16 14:40:00+00:00,161470,161560,161420
2026-01-16 14:45:00+00:00,161680,161710,161470
2026-01-16 14:50:00+00:00,161720,161770,161610
2026-01-16 14:55:00+00:00,161680,161800,161650
2026-01-16 15:00:00+00:00,161710,161720,161620
2026-01-16 15:05:00+00:00,161750,161790,161670
2026-01-16 15:10:00+00:00,161660,161790,161610
2026-01-16 15:15:00+00:00,161560,161710,161510
2026-01-16 15:20:00+00:00,161520,161650,161420
2026-01-16 15:25:00+00:00,161380,161550,161340
2026-01-16 15:30:00+00:00,161210,161400,161080
2026-01-16 15:35:00+00:00,161050,161260,161030
2026-01-16 15:40:00+00:00,161180,161180,161000
2026-01-16 15:45:00+00:00,161370,161370,161190
2026-01-16 15:50:00+00:00,161170,161370,161170
2026-01-16 15:55:00+00:00,161150,161240,161110
2026-01-16 16:00:00+00:00,161110,161220,161090
2026-01-16 16:05:00+00:00,161210,161210,161100
2026-01-16 16:10:00+00:00,161320,161390,161240
2026-01-16 16:15:00+00:00,161350,161380,161290
2026-01-16 16:20:00+00:00,161390,161430,161350
2026-01-16 16:25:00+00:00,161470,161490,161360
2026-01-16 16:30:00+00:00,161470,161530,161430
2026-01-16 16:35:00+00:00,161530,161590,161450
2026-01-16 16:40:00+00:00,161510,161610,161500
2026-01-16 16:45:00+00:00,161500,161550,161490
2026-01-16 16:50:00+00:00,161490,161500,161440
2026-01-16 16:55:00+00:00,161400,161490,161350
2026-01-16 17:00:00+00:00,161400,161490,161350
2026-01-16 17:05:00+00:00,161450,161480,161400
2026-01-16 17:10:00+00:00,161470,161480,161440
2026-01-16 17:15:00+00:00,161370,161480,161320
2026-01-16 17:20:00+00:00,161330,161390,161230
2026-01-16 17:25:00+00:00,161370,161400,161240
2026-01-16 17:30:00+00:00,161410,161440,161350
2026-01-16 17:35:00+00:00,161420,161480,161360
2026-01-16 17:40:00+00:00,161430,161450,161380
2026-01-16 17:45:00+00:00,161400,161430,161330
2026-01-16 17:50:00+00:00,161430,161480,161360
2026-01-16 17:55:00+00:00,161370,161440,161360
2026-01-16 18:00:00+00:00,161420,161460,161370
2026-01-16 18:05:00+00:00,161410,161430,161350
2026-01-16 18:10:00+00:00,161480,161500,161360
2026-01-16 18:15:00+00:00,161470,161480,161410
2026-01-16 18:20:00+00:00,161500,161550,161430
2026-01-16 18:25:00+00:00,161540,161560,161460
2026-01-16 18:30:00+00:00,161440,161570,161430
2026-01-16 18:35:00+00:00,161520,161590,161380
2026-01-16 18:40:00+00:00,161460,161560,161460
2026-01-16 18:45:00+00:00,161480,161510,161420
2026-01-16 18:50:00+00:00,161540,161570,161480
2026-01-16 18:55:00+00:00,161520,161550,161500
2026-01-16 19:00:00+00:00,161540,161550,161420
2026-01-16 19:05:00+00:00,161530,161560,161520
2026-01-16 19:10:00+00:00,161490,161540,161460
2026-01-16 19:15:00+00:00,161540,161550,161450
2026-01-16 19:20:00+00:00,161500,161560,161490
2026-01-16 19:25:00+00:00,161530,161530,161450
2026-01-16 19:30:00+00:00,161540,161540,161470
2026-01-16 19:35:00+00:00,161510,161540,161500
2026-01-16 19:40:00+00:00,161480,161530,161470
2026-01-16 19:45:00+00:00,161500,161510,161460
2026-01-16 19:50:00+00:00,161520,161560,161500
2026-01-16 19:55:00+00:00,161500,161550,161470
2026-01-19 13:05:00+00:00,161790,161850,161510
2026-01-19 13:10:00+00:00,161790,161950,161750
2026-01-19 13:15:00+00:00,161650,161860,161600
2026-01-19 13:20:00+00:00,161310,161660,161270
2026-01-19 13:25:00+00:00,161260,161340,161140
2026-01-19 13:30:00+00:00,161400,161430,161220
2026-01-19 13:35:00+00:00,161510,161660,161400
2026-01-19 13:40:00+00:00,161430,161570,161280
2026-01-19 13:45:00+00:00,161360,161460,161260
2026-01-19 13:50:00+00:00,161430,161500,161400
2026-01-19 13:55:00+00:00,161480,161530,161420
2026-01-19 14:00:00+00:00,161590,161610,161360
2026-01-19 14:05:00+00:00,161470,161660,161470
2026-01-19 14:10:00+00:00,161430,161520,161310
2026-01-19 14:15:00+00:00,161340,161440,161290
2026-01-19 14:20:00+00:00,161410,161430,161300
2026-01-19 14:25:00+00:00,161290,161410,161200
2026-01-19 14:30:00+00:00,161470,161510,161280
2026-01-19 14:35:00+00:00,161550,161550,161390
2026-01-19 14:40:00+00:00,161510,161590,161420
2026-01-19 14:45:00+00:00,161650,161660,161430
2026-01-19 14:50:00+00:00,161590,161680,161560
2026-01-19 14:55:00+00:00,161680,161700,161570
2026-01-19 15:00:00+00:00,161600,161750,161510
2026-01-19 15:05:00+00:00,161620,161620,161490
2026-01-19 15:10:00+00:00,161690,161690,161610
2026-01-19 15:15:00+00:00,161570,161700,161510
2026-01-19 15:20:00+00:00,161440,161560,161410
2026-01-19 15:25:00+00:00,161540,161540,161390
2026-01-19 15:30:00+00:00,161620,161630,161480
2026-01-19 15:35:00+00:00,161570,161640,161520
2026-01-19 15:40:00+00:00,161640,161650,161570
2026-01-19 15:45:00+00:00,161660,161710,161610
2026-01-19 15:50:00+00:00,161690,161720,161600
2026-01-19 15:55:00+00:00,161660,161690,161590
2026-01-19 16:00:00+00:00,161800,161830,161640
2026-01-19 16:05:00+00:00,161900,161900,161750
2026-01-19 16:10:00+00:00,162010,162080,161870
2026-01-19 16:15:00+00:00,161920,162020,161890
2026-01-19 16:20:00+00:00,161860,161980,161830
2026-01-19 16:25:00+00:00,161860,161860,161790
2026-01-19 16:30:00+00:00,161900,161920,161830
2026-01-19 16:35:00+00:00,161820,161920,161780
2026-01-19 16:40:00+00:00,161810,161850,161780
2026-01-19 16:45:00+00:00,161690,161830,161690
2026-01-19 16:50:00+00:00,161670,161740,161620
2026-01-19 16:55:00+00:00,161770,161780,161650
2026-01-19 17:00:00+00:00,161780,161820,161740
2026-01-19 17:05:00+00:00,161760,161830,161730
2026-01-19 17:10:00+00:00,161750,161770,161720
2026-01-19 17:15:00+00:00,161710,161780,161700
2026-01-19 17:20:00+00:00,161660,161740,161650
2026-01-19 17:25:00+00:00,161640,161690,161620
2026-01-19 17:30:00+00:00,161550,161660,161520
2026-01-19 17:35:00+00:00,161420,161540,161370
2026-01-19 17:40:00+00:00,161570,161580,161410
2026-01-19 17:45:00+00:00,161590,161610,161540
2026-01-19 17:50:00+00:00,161610,161620,161530
2026-01-19 17:55:00+00:00,161620,161640,161590
2026-01-19 18:00:00+00:00,161610,161670,161610
2026-01-19 18:05:00+00:00,161630,161660,161560
2026-01-19 18:10:00+00:00,161630,161650,161580
2026-01-19 18:15:00+00:00,161630,161630,161590
2026-01-19 18:20:00+00:00,161590,161620,161570
2026-01-19 18:25:00+00:00,161540,161600,161510
2026-01-19 18:30:00+00:00,161590,161590,161510
2026-01-19 18:35:00+00:00,161550,161590,161530
2026-01-19 18:40:00+00:00,161540,161570,161500
2026-01-19 18:45:00+00:00,161600,161600,161540
2026-01-19 18:50:00+00:00,161580,161620,161580
2026-01-19 18:55:00+00:00,161580,161590,161540
2026-01-19 19:00:00+00:00,161540,161600,161520
2026-01-19 19:05:00+00:00,161580,161590,161540
2026-01-19 19:10:00+00:00,161570,161580,161520
2026-01-19 19:15:00+00:00,161610,161620,161540
2026-01-19 19:20:00+00:00,161570,161620,161520
2026-01-19 19:25:00+00:00,161600,161600,161550
2026-01-19 19:30:00+00:00,161560,161600,161560
2026-01-19 19:35:00+00:00,161550,161590,161530
2026-01-19 19:40:00+00:00,161550,161580,161540
2026-01-19 19:45:00+00:00,161540,161560,161530
2026-01-19 19:50:00+00:00,161440,161560,161440
2026-01-19 19:55:00+00:00,161460,161470,161410
2026-01-20 13:05:00+00:00,160970,161020,160750
2026-01-20 13:10:00+00:00,160880,160960,160810
2026-01-20 13:15:00+00:00,161140,161180,160710
2026-01-20 13:20:00+00:00,161260,161510,161140
2026-01-20 13:25:00+00:00,160980,161200,160940
2026-01-20 13:30:00+00:00,160510,161000,160380
2026-01-20 13:35:00+00:00,160800,160890,160450
2026-01-20 13:40:00+00:00,160850,161000,160800
2026-01-20 13:45:00+00:00,161200,161220,160860
2026-01-20 13:50:00+00:00,161260,161320,161150
2026-01-20 13:55:00+00:00,161160,161300,161130
2026-01-20 14:00:00+00:00,161230,161410,161150
2026-01-20 14:05:00+00:00,161060,161250,161000
2026-01-20 14:10:00+00:00,161290,161360,161000
2026-01-20 14:15:00+00:00,161340,161350,161230
2026-01-20 14:20:00+00:00,161600,161600,161300
2026-01-20 14:25:00+00:00,161330,161610,161300
2026-01-20 14:30:00+00:00,161910,162000,161350
2026-01-20 14:35:00+00:00,162440,162580,161910
2026-01-20 14:40:00+00:00,162810,162840,162260
2026-01-20 14:45:00+00:00,162750,162820,162490
2026-01-20 14:50:00+00:00,162650,162920,162590
2026-01-20 14:55:00+00:00,162440,162710,162430
2026-01-20 15:00:00+00:00,162370,162540,162160
2026-01-20 15:05:00+00:00,162240,162360,162220
2026-01-20 15:10:00+00:00,162300,162320,162050
2026-01-20 15:15:00+00:00,162300,162420,162240
2026-01-20 15:20:00+00:00,162510,162560,162290
2026-01-20 15:25:00+00:00,162710,162760,162500
2026-01-20 15:30:00+00:00,162920,162970,162650
2026-01-20 15:35:00+00:00,162820,162930,162790
2026-01-20 15:45:00+00:00,162910,163050,162910
2026-01-20 15:50:00+00:00,162870,162960,162820
2026-01-20 15:55:00+00:00,162990,163040,162830
2026-01-20 16:00:00+00:00,162970,163130,162960
2026-01-20 16:05:00+00:00,163070,163100,162940
2026-01-20 16:10:00+00:00,163190,163250,163050
2026-01-20 16:15:00+00:00,163130,163230,163130
2026-01-20 16:20:00+00:00,163200,163250,163090
2026-01-20 16:25:00+00:00,163130,163230,163110
2026-01-20 16:30:00+00:00,163230,163270,163120
2026-01-20 16:35:00+00:00,163240,163250,163170
2026-01-20 16:40:00+00:00,163030,163240,163030
2026-01-20 16:45:00+00:00,163000,163080,162920
2026-01-20 16:50:00+00:00,162980,163050,162940
2026-01-20 16:55:00+00:00,163110,163180,162980
2026-01-20 17:00:00+00:00,163160,163240,163040
2026-01-20 17:05:00+00:00,163220,163260,163150
2026-01-20 17:10:00+00:00,163180,163230,163120
2026-01-20 17:15:00+00:00,163220,163310,163190
2026-01-20 17:20:00+00:00,163070,163270,163060
2026-01-20 17:25:00+00:00,163060,163150,163020
2026-01-20 17:30:00+00:00,162910,163050,162870
2026-01-20 17:35:00+00:00,162940,162980,162860
2026-01-20 17:40:00+00:00,162900,163010,162900
2026-01-20 17:45:00+00:00,162880,162940,162760
2026-01-20 17:50:00+00:00,162870,162940,162790
2026-01-20 17:55:00+00:00,162900,162960,162810
2026-01-20 18:00:00+00:00,162920,162970,162860
2026-01-20 18:05:00+00:00,162730,162990,162710
2026-01-20 18:10:00+00:00,162850,162860,162710
2026-01-20 18:15:00+00:00,162880,162900,162800
2026-01-20 18:20:00+00:00,162910,162910,162790
2026-01-20 18:25:00+00:00,162850,162910,162800
2026-01-20 18:30:00+00:00,162840,162910,162780
2026-01-20 18:35:00+00:00,162950,162950,162820
2026-01-20 18:40:00+00:00,162890,162960,162840
2026-01-20 18:45:00+00:00,162820,162910,162760
2026-01-20 18:50:00+00:00,162590,162810,162560
2026-01-20 18:55:00+00:00,162630,162630,162520
2026-01-20 19:00:00+00:00,162570,162670,162560
2026-01-20 19:05:00+00:00,162650,162660,162530
2026-01-20 19:10:00+00:00,162600,162650,162540
2026-01-20 19:15:00+00:00,162650,162670,162560
2026-01-20 19:20:00+00:00,162610,162700,162590
2026-01-20 19:25:00+00:00,162720,162750,162590
2026-01-20 19:30:00+00:00,162670,162730,162620
2026-01-20 19:35:00+00:00,162740,162740,162660
2026-01-20 19:40:00+00:00,162820,162850,162700
2026-01-20 19:45:00+00:00,162780,162860,162740
2026-01-20 19:50:00+00:00,162860,162900,162750
2026-01-20 19:55:00+00:00,162850,162900,162820
2026-01-21 13:05:00+00:00,165140,165230,164930
2026-01-21 13:10:00+00:00,165310,165790,165160
2026-01-21 13:15:00+00:00,165430,165570,165290
2026-01-21 13:20:00+00:00,165530,165590,165320
2026-01-21 13:25:00+00:00,165550,165630,165460
2026-01-21 13:30:00+00:00,165420,165590,165120
2026-01-21 13:35:00+00:00,165540,165580,165360
2026-01-21 13:40:00+00:00,165390,165540,165160
2026-01-21 13:45:00+00:00,165350,165420,165350
2026-01-21 13:50:00+00:00,165480,165510,165240
2026-01-21 13:55:00+00:00,165680,165750,165460
2026-01-21 14:00:00+00:00,165850,165940,165560
2026-01-21 14:05:00+00:00,165860,166070,165840
2026-01-21 14:10:00+00:00,165770,166000,165740
2026-01-21 14:15:00+00:00,165680,165870,165670
2026-01-21 14:20:00+00:00,165650,165810,165620
2026-01-21 14:25:00+00:00,165770,165780,165620
2026-01-21 14:30:00+00:00,166050,166050,165740
2026-01-21 14:35:00+00:00,166300,166370,166030
2026-01-21 14:40:00+00:00,166440,166500,166280
2026-01-21 14:45:00+00:00,166630,166670,166430
2026-01-21 14:50:00+00:00,166370,166660,166300
2026-01-21 14:55:00+00:00,166400,166480,166320
2026-01-21 15:00:00+00:00,166440,166550,166350
2026-01-21 15:05:00+00:00,166470,166540,166350
2026-01-21 15:10:00+00:00,166480,166540,166390
2026-01-21 15:15:00+00:00,166540,166600,166440
2026-01-21 15:20:00+00:00,166360,166560,166320
2026-01-21 15:25:00+00:00,166300,166360,166190
2026-01-21 15:30:00+00:00,166300,166330,166150
2026-01-21 15:35:00+00:00,166170,166310,166170
2026-01-21 15:40:00+00:00,166220,166270,166150
2026-01-21 15:45:00+00:00,166280,166350,166180
2026-01-21 15:50:00+00:00,166410,166500,166280
2026-01-21 15:55:00+00:00,166560,166610,166390
2026-01-21 16:00:00+00:00,166620,166740,166520
2026-01-21 16:05:00+00:00,166700,166770,166640
2026-01-21 16:10:00+00:00,166750,166860,166700
2026-01-21 16:15:00+00:00,166660,166770,166600
2026-01-21 16:20:00+00:00,166680,166710,166600
2026-01-21 16:25:00+00:00,166840,166890,166660
2026-01-21 16:30:00+00:00,166890,166950,166830
2026-01-21 16:35:00+00:00,166800,166940,166740
2026-01-21 16:40:00+00:00,166730,166820,166700
2026-01-21 16:45:00+00:00,166860,166880,166740
2026-01-21 16:50:00+00:00,166830,166870,166770
2026-01-21 16:55:00+00:00,166820,166860,166700
2026-01-21 17:00:00+00:00,166850,166880,166770
2026-01-21 17:05:00+00:00,166850,166900,166800
2026-01-21 17:10:00+00:00,166790,166870,166730
2026-01-21 17:15:00+00:00,166760,166800,166700
2026-01-21 17:20:00+00:00,166650,166760,166650
2026-01-21 17:25:00+00:00,166670,166710,166640
2026-01-21 17:30:00+00:00,166570,166670,166480
2026-01-21 17:35:00+00:00,166700,166740,166530
2026-01-21 17:40:00+00:00,166700,166740,166660
2026-01-21 17:45:00+00:00,166760,166820,166670
2026-01-21 17:50:00+00:00,166860,166890,166730
2026-01-21 17:55:00+00:00,166780,166870,166730
2026-01-21 18:00:00+00:00,166730,166870,166700
2026-01-21 18:05:00+00:00,166800,166830,166720
2026-01-21 18:10:00+00:00,166950,166970,166790
2026-01-21 18:15:00+00:00,167040,167080,166930
2026-01-21 18:20:00+00:00,167050,167060,166970
2026-01-21 18:30:00+00:00,167220,167270,167200
2026-01-21 18:35:00+00:00,167220,167280,167180
2026-01-21 18:40:00+00:00,167510,167550,167220
2026-01-21 18:45:00+00:00,167620,167680,167420
2026-01-21 18:50:00+00:00,167540,167690,167540
2026-01-21 18:55:00+00:00,167620,167640,167540
2026-01-21 19:00:00+00:00,167580,167640,167480
2026-01-21 19:05:00+00:00,167520,167610,167480
2026-01-21 19:10:00+00:00,167550,167600,167520
2026-01-21 19:15:00+00:00,167510,167550,167440
2026-01-21 19:20:00+00:00,167540,167590,167490
2026-01-21 19:25:00+00:00,167880,167990,167480
2026-01-21 19:30:00+00:00,168030,168120,167860
2026-01-21 19:35:00+00:00,167820,168040,167800
2026-01-21 19:40:00+00:00,167840,167890,167790
2026-01-21 19:45:00+00:00,168020,168020,167810
2026-01-21 19:50:00+00:00,168040,168180,168010
2026-01-21 19:55:00+00:00,168330,168400,168040
2026-01-22 13:05:00+00:00,169430,169800,169290
2026-01-22 13:10:00+00:00,169460,169590,169410
2026-01-22 13:15:00+00:00,170000,170000,169420
2026-01-22 13:20:00+00:00,169820,170000,169670
2026-01-22 13:25:00+00:00,169830,169970,169800
2026-01-22 13:30:00+00:00,169630,169860,169510
2026-01-22 13:35:00+00:00,169840,169840,169560
2026-01-22 13:40:00+00:00,169900,169950,169790
2026-01-22 13:45:00+00:00,169870,169970,169690
2026-01-22 13:50:00+00:00,169800,169910,169680
2026-01-22 13:55:00+00:00,169830,169910,169760
2026-01-22 14:00:00+00:00,170240,170280,169800
2026-01-22 14:05:00+00:00,170380,170450,170220
2026-01-22 14:10:00+00:00,170640,170690,170380
2026-01-22 14:15:00+00:00,171110,171130,170630
2026-01-22 14:20:00+00:00,171520,171520,171090
2026-01-22 14:25:00+00:00,171590,172000,171380
2026-01-22 14:30:00+00:00,171780,171860,171590
2026-01-22 14:35:00+00:00,171250,171800,171200
2026-01-22 14:40:00+00:00,171200,171470,171130
2026-01-22 14:45:00+00:00,171560,171720,171200
2026-01-22 14:50:00+00:00,171690,171850,171400
2026-01-22 14:55:00+00:00,171620,171850,171600
2026-01-22 15:00:00+00:00,171600,171790,171490
2026-01-22 15:05:00+00:00,171660,171690,171410
2026-01-22 15:10:00+00:00,171520,171660,171450
2026-01-22 15:15:00+00:00,172000,172050,171480
2026-01-22 15:20:00+00:00,172390,172440,172000
2026-01-22 15:25:00+00:00,173030,173290,172350
2026-01-22 15:30:00+00:00,173650,173840,172930
2026-01-22 15:35:00+00:00,174070,174730,173300
2026-01-22 15:40:00+00:00,173760,174130,172650
2026-01-22 15:45:00+00:00,173440,174050,173380
2026-01-22 15:50:00+00:00,173580,173900,173350
2026-01-22 15:55:00+00:00,173550,173750,173490
2026-01-22 16:00:00+00:00,173410,173690,173290
2026-01-22 16:05:00+00:00,173430,173660,173300
2026-01-22 16:10:00+00:00,173300,173470,173170
2026-01-22 16:15:00+00:00,173650,173810,173260
2026-01-22 16:20:00+00:00,173670,173920,173530
2026-01-22 16:25:00+00:00,173560,173780,173500
2026-01-22 16:30:00+00:00,173300,173610,173210
2026-01-22 16:35:00+00:00,173180,173380,173170
2026-01-22 16:40:00+00:00,173080,173280,173030
2026-01-22 16:45:00+00:00,173410,173560,173040
2026-01-22 16:50:00+00:00,173490,173750,173390
2026-01-22 16:55:00+00:00,173420,173500,173270
2026-01-22 17:00:00+00:00,173520,173600,173170
2026-01-22 17:05:00+00:00,173340,173550,173270
2026-01-22 17:10:00+00:00,173300,173480,173260
2026-01-22 17:15:00+00:00,173060,173360,172980
2026-01-22 17:20:00+00:00,172590,173060,172500
2026-01-22 17:25:00+00:00,173010,173100,172480
2026-01-22 17:30:00+00:00,173330,173490,173010
2026-01-22 17:35:00+00:00,173250,173440,173170
2026-01-22 17:40:00+00:00,173190,173280,173100
2026-01-22 17:45:00+00:00,173010,173190,172900
2026-01-22 17:50:00+00:00,173310,173370,172950
2026-01-22 17:55:00+00:00,172980,173420,172980
2026-01-22 18:00:00+00:00,173330,173360,172940
2026-01-22 18:05:00+00:00,173550,173780,173270
2026-01-22 18:10:00+00:00,173240,173670,173240
2026-01-22 18:15:00+00:00,173250,173460,173180
2026-01-22 18:20:00+00:00,173040,173300,173040
2026-01-22 18:25:00+00:00,172980,173130,172900
2026-01-22 18:30:00+00:00,172950,173000,172650
2026-01-22 18:35:00+00:00,172960,173020,172850
2026-01-22 18:40:00+00:00,172780,172990,172720
2026-01-22 18:45:00+00:00,172680,172840,172570
2026-01-22 18:50:00+00:00,172780,172810,172600
2026-01-22 18:55:00+00:00,172750,172750,172640
2026-01-22 19:00:00+00:00,172740,172910,172670
2026-01-22 19:05:00+00:00,172710,172760,172580
2026-01-22 19:10:00+00:00,172360,172780,172290
2026-01-22 19:15:00+00:00,172380,172490,172160
2026-01-22 19:20:00+00:00,172470,172660,172370
2026-01-22 19:25:00+00:00,172710,172800,172460
2026-01-22 19:30:00+00:00,172810,172960,172710
2026-01-22 19:35:00+00:00,172660,172890,172640
2026-01-22 19:40:00+00:00,172510,172730,172460
2026-01-22 19:45:00+00:00,172530,172570,172330
2026-01-22 19:50:00+00:00,172390,172630,172360
2026-01-22 19:55:00+00:00,172360,172420,172270
2026-01-23 13:10:00+00:00,173210,173240,173000
2026-01-23 13:15:00+00:00,173400,173500,173090
2026-01-23 13:20:00+00:00,173490,173540,173210
2026-01-23 13:25:00+00:00,173410,173490,173260
2026-01-23 13:30:00+00:00,173140,173390,173060
2026-01-23 13:35:00+00:00,173260,173360,173120
2026-01-23 13:40:00+00:00,173270,173450,173250
2026-01-23 13:45:00+00:00,173160,173400,173150
2026-01-23 13:50:00+00:00,173000,173210,172980
2026-01-23 13:55:00+00:00,172960,173060,172890
2026-01-23 14:00:00+00:00,173050,173080,172910
2026-01-23 14:05:00+00:00,173080,173150,173000
2026-01-23 14:10:00+00:00,173210,173220,173010
2026-01-23 14:15:00+00:00,172650,173170,172550
2026-01-23 14:20:00+00:00,172660,172680,172350
2026-01-23 14:25:00+00:00,172900,172990,172650
2026-01-23 14:30:00+00:00,172700,172960,172700
2026-01-23 14:35:00+00:00,172780,172980,172730
2026-01-23 14:40:00+00:00,172620,172780,172400
2026-01-23 14:45:00+00:00,172800,172800,172590
2026-01-23 14:50:00+00:00,172640,172820,172530
2026-01-23 14:55:00+00:00,172860,172900,172610
2026-01-23 15:00:00+00:00,172880,172970,172830
2026-01-23 15:05:00+00:00,173110,173180,172860
2026-01-23 15:10:00+00:00,173240,173330,173040
2026-01-23 15:15:00+00:00,173500,173540,173230
2026-01-23 15:20:00+00:00,174040,174090,173500
2026-01-23 15:25:00+00:00,174090,174140,173910
2026-01-23 15:30:00+00:00,174340,174500,173950
2026-01-23 15:35:00+00:00,173990,174330,173940
2026-01-23 15:40:00+00:00,173780,174030,173770
2026-01-23 15:45:00+00:00,173630,173810,173590
2026-01-23 15:50:00+00:00,174100,174110,173560
2026-01-23 15:55:00+00:00,174160,174200,173890
2026-01-23 16:00:00+00:00,174120,174350,174070
2026-01-23 16:05:00+00:00,174020,174180,173950
2026-01-23 16:10:00+00:00,174020,174060,173900
2026-01-23 16:15:00+00:00,174060,174080,173970
2026-01-23 16:20:00+00:00,174060,174100,173990
2026-01-23 16:25:00+00:00,173990,174120,173970
2026-01-23 16:30:00+00:00,174040,174070,173880
2026-01-23 16:35:00+00:00,174080,174140,173950
2026-01-23 16:40:00+00:00,174000,174130,173970
2026-01-23 16:45:00+00:00,173920,174060,173910
2026-01-23 16:50:00+00:00,174010,174020,173910
2026-01-23 16:55:00+00:00,173910,174030,173910
2026-01-23 17:00:00+00:00,173800,173910,173700
2026-01-23 17:05:00+00:00,173690,173810,173650
2026-01-23 17:10:00+00:00,173680,173760,173610
2026-01-23 17:15:00+00:00,173840,173880,173640
2026-01-23 17:20:00+00:00,173870,173930,173760
2026-01-23 17:25:00+00:00,173880,174020,173870
2026-01-23 17:30:00+00:00,173880,174050,173800
2026-01-23 17:35:00+00:00,173850,173920,173780
2026-01-23 17:40:00+00:00,173710,173840,173710
2026-01-23 17:45:00+00:00,173710,173820,173610
2026-01-23 17:50:00+00:00,173630,173790,173600
2026-01-23 17:55:00+00:00,173620,173650,173520
2026-01-23 18:00:00+00:00,173440,173630,173400
2026-01-23 18:05:00+00:00,173410,173520,173400
2026-01-23 18:10:00+00:00,173520,173590,173410
2026-01-23 18:15:00+00:00,173520,173570,173460
2026-01-23 18:20:00+00:00,173780,173830,173510
2026-01-23 18:25:00+00:00,174000,174060,173770
2026-01-23 18:30:00+00:00,174040,174240,173960
2026-01-23 18:35:00+00:00,174070,174190,174000
2026-01-23 18:40:00+00:00,174140,174150,173990
2026-01-23 18:45:00+00:00,174270,174330,174120
2026-01-23 18:50:00+00:00,174250,174330,174210
2026-01-23 18:55:00+00:00,174260,174330,174160
2026-01-23 19:00:00+00:00,174320,174420,174190
2026-01-23 19:05:00+00:00,174400,174450,174290
2026-01-23 19:10:00+00:00,174500,174510,174410
2026-01-23 19:15:00+00:00,174650,174700,174490
2026-01-23 19:20:00+00:00,174750,174830,174680
2026-01-23 19:25:00+00:00,174720,174810,174690
2026-01-23 19:30:00+00:00,174850,174900,174690
2026-01-23 19:35:00+00:00,174820,174880,174710
2026-01-23 19:40:00+00:00,175080,175090,174810
2026-01-23 19:45:00+00:00,174900,175080,174860
2026-01-23 19:50:00+00:00,174960,174980,174850
2026-01-23 19:55:00+00:00,174830,175000,174800
2026-01-26 13:05:00+00:00,176090,176370,176000
2026-01-26 13:10:00+00:00,175920,176170,175870
2026-01-26 13:15:00+00:00,175760,175900,175410
2026-01-26 13:20:00+00:00,175700,175820,175320
2026-01-26 13:25:00+00:00,175590,175780,175520
2026-01-26 13:30:00+00:00,175490,175680,175360
2026-01-26 13:35:00+00:00,175540,175540,175200
2026-01-26 13:40:00+00:00,175360,175590,175210
2026-01-26 13:45:00+00:00,175100,175430,175020
2026-01-26 13:50:00+00:00,174870,175170,174860
2026-01-26 13:55:00+00:00,174720,174960,174510
2026-01-26 14:00:00+00:00,174860,174910,174660
2026-01-26 14:05:00+00:00,174630,174910,174590
2026-01-26 14:10:00+00:00,174610,174770,174530
2026-01-26 14:15:00+00:00,174620,174760,174540
2026-01-26 14:20:00+00:00,174480,174700,174460
2026-01-26 14:25:00+00:00,174800,174800,174410
2026-01-26 14:30:00+00:00,176000,176600,174600
2026-01-26 14:35:00+00:00,175620,176210,175310
2026-01-26 14:40:00+00:00,175760,176050,175480
2026-01-26 14:45:00+00:00,175100,175770,174590
2026-01-26 14:50:00+00:00,175010,175240,174940
2026-01-26 14:55:00+00:00,175300,175520,174940
2026-01-26 15:00:00+00:00,175510,175720,175330
2026-01-26 15:05:00+00:00,175460,175530,175180
2026-01-26 15:10:00+00:00,175050,175510,175030
2026-01-26 15:15:00+00:00,174860,175130,174790
2026-01-26 15:20:00+00:00,175230,175380,174810
2026-01-26 15:25:00+00:00,175080,175340,175020
2026-01-26 15:30:00+00:00,175070,175220,175020
2026-01-26 15:35:00+00:00,175020,175310,175000
2026-01-26 15:40:00+00:00,174960,175060,174790
2026-01-26 15:45:00+00:00,175070,175250,174950
2026-01-26 15:50:00+00:00,175220,175240,174930
2026-01-26 15:55:00+00:00,175220,175460,175160
2026-01-26 16:00:00+00:00,175160,175350,175040
2026-01-26 16:05:00+00:00,175050,175230,175030
2026-01-26 16:10:00+00:00,174890,175090,174800
2026-01-26 16:15:00+00:00,175010,175100,174830
2026-01-26 16:20:00+00:00,174990,175100,174950
2026-01-26 16:25:00+00:00,174810,175020,174700
2026-01-26 16:30:00+00:00,174840,174870,174630
2026-01-26 16:35:00+00:00,174700,174910,174600
2026-01-26 16:40:00+00:00,174740,174810,174650
2026-01-26 16:45:00+00:00,174930,174950,174650
2026-01-26 16:50:00+00:00,174920,175250,174860
2026-01-26 16:55:00+00:00,174980,174990,174820
2026-01-26 17:00:00+00:00,175230,175270,174940
2026-01-26 17:05:00+00:00,175140,175240,175040
2026-01-26 17:10:00+00:00,175150,175250,174960
2026-01-26 17:15:00+00:00,175170,175260,175100
2026-01-26 17:20:00+00:00,175110,175210,175080
2026-01-26 17:25:00+00:00,175300,175320,175100
2026-01-26 17:30:00+00:00,175470,175540,175200
2026-01-26 17:35:00+00:00,175630,175860,175470
2026-01-26 17:40:00+00:00,175730,175940,175570
2026-01-26 17:45:00+00:00,175510,175930,175470
2026-01-26 17:50:00+00:00,175260,175580,175260
2026-01-26 17:55:00+00:00,175130,175290,175010
2026-01-26 18:00:00+00:00,174980,175200,174920
2026-01-26 18:05:00+00:00,174970,175010,174840
2026-01-26 18:10:00+00:00,174970,175100,174930
2026-01-26 18:15:00+00:00,174900,175060,174900
2026-01-26 18:20:00+00:00,175060,175080,174910
2026-01-26 18:25:00+00:00,174980,175100,174970
2026-01-26 18:30:00+00:00,175060,175100,174950
2026-01-26 18:35:00+00:00,175330,175450,175000
2026-01-26 18:40:00+00:00,175130,175330,175040
2026-01-26 18:45:00+00:00,175350,175390,175100
2026-01-26 18:50:00+00:00,175310,175400,175230
2026-01-26 18:55:00+00:00,175200,175350,175140
2026-01-26 19:00:00+00:00,175020,175200,174850
2026-01-26 19:05:00+00:00,174760,175010,174660
2026-01-26 19:10:00+00:00,174700,174850,174570
2026-01-26 19:15:00+00:00,174640,174760,174570
2026-01-26 19:20:00+00:00,174840,174900,174570
2026-01-26 19:25:00+00:00,175070,175110,174780
2026-01-26 19:30:00+00:00,175000,175140,174810
2026-01-26 19:35:00+00:00,174900,175000,174860
2026-01-26 19:40:00+00:00,174920,175000,174830
2026-01-26 19:45:00+00:00,174940,175000,174870
2026-01-26 19:50:00+00:00,174890,175030,174830
2026-01-26 19:55:00+00:00,174920,174960,174770
2026-01-27 13:05:00+00:00,177600,177700,177450
2026-01-27 13:10:00+00:00,177940,178060,177590
2026-01-27 13:15:00+00:00,177450,177910,177360
2026-01-27 13:20:00+00:00,177460,177590,177180
2026-01-27 13:25:00+00:00,177590,177680,177350
2026-01-27 13:30:00+00:00,177720,177800,177540
2026-01-27 13:35:00+00:00,177950,178080,177720
2026-01-27 13:40:00+00:00,178060,178390,177920
2026-01-27 13:45:00+00:00,178190,178340,177890
2026-01-27 13:50:00+00:00,178300,178500,178020
2026-01-27 13:55:00+00:00,178550,178580,178300
2026-01-27 14:00:00+00:00,178730,178830,178440
2026-01-27 14:05:00+00:00,178820,178850,178650
2026-01-27 14:10:00+00:00,179080,179170,178750
2026-01-27 14:15:00+00:00,178980,179200,178790
2026-01-27 14:20:00+00:00,179280,179330,178950
2026-01-27 14:25:00+00:00,179070,179460,179000
2026-01-27 14:30:00+00:00,178980,179140,178700
2026-01-27 14:35:00+00:00,178920,179080,178770
2026-01-27 14:40:00+00:00,179010,179390,178860
2026-01-27 14:45:00+00:00,179190,179370,178970
2026-01-27 14:50:00+00:00,179160,179340,178990
2026-01-27 14:55:00+00:00,179140,179230,179070
2026-01-27 15:00:00+00:00,179050,179280,179030
2026-01-27 15:05:00+00:00,179140,179180,179030
2026-01-27 15:10:00+00:00,179430,179440,179070
2026-01-27 15:15:00+00:00,179360,179500,179250
2026-01-27 15:20:00+00:00,179650,179680,179340
2026-01-27 15:25:00+00:00,179240,179650,179040
2026-01-27 15:30:00+00:00,179160,179310,179160
2026-01-27 15:35:00+00:00,179100,179250,179000
2026-01-27 15:40:00+00:00,179350,179420,179060
2026-01-27 15:45:00+00:00,179210,179420,179180
2026-01-27 15:50:00+00:00,179300,179330,179180
2026-01-27 15:55:00+00:00,179180,179330,179110
2026-01-27 16:00:00+00:00,179380,179420,179100
2026-01-27 16:05:00+00:00,179260,179390,179250
2026-01-27 16:10:00+00:00,179120,179300,179070
2026-01-27 16:15:00+00:00,179430,179450,179100
2026-01-27 16:20:00+00:00,179310,179520,179310
2026-01-27 16:25:00+00:00,179490,179560,179290
2026-01-27 16:30:00+00:00,179660,179740,179480
2026-01-27 16:35:00+00:00,179830,179860,179620
2026-01-27 16:40:00+00:00,179830,179970,179830
2026-01-27 16:45:00+00:00,179900,179910,179750
2026-01-27 16:50:00+00:00,179750,179880,179750
2026-01-27 16:55:00+00:00,179840,179870,179720
2026-01-27 17:00:00+00:00,179810,179900,179760
2026-01-27 17:05:00+00:00,179610,179810,179550
2026-01-27 17:10:00+00:00,179390,179600,179370
2026-01-27 17:15:00+00:00,179420,179460,179310
2026-01-27 17:20:00+00:00,179410,179470,179300
2026-01-27 17:25:00+00:00,179350,179450,179330
2026-01-27 17:30:00+00:00,179310,179390,179220
2026-01-27 17:35:00+00:00,179290,179380,179250
2026-01-27 17:40:00+00:00,179320,179390,179280
2026-01-27 17:45:00+00:00,179260,179390,179250
2026-01-27 17:50:00+00:00,178810,179260,178740
2026-01-27 17:55:00+00:00,178740,178890,178740
2026-01-27 18:00:00+00:00,178700,178860,178690
2026-01-27 18:05:00+00:00,178530,178690,178340
2026-01-27 18:10:00+00:00,178720,178730,178510
2026-01-27 18:15:00+00:00,178840,179000,178690
2026-01-27 18:20:00+00:00,179010,179060,178800
2026-01-27 18:25:00+00:00,178960,179050,178900
2026-01-27 18:30:00+00:00,178870,178990,178840
2026-01-27 18:35:00+00:00,178880,178960,178860
2026-01-27 18:40:00+00:00,178740,178920,178680
2026-01-27 18:45:00+00:00,178750,178780,178650
2026-01-27 18:50:00+00:00,178630,178770,178620
2026-01-27 18:55:00+00:00,178620,178690,178500
2026-01-27 19:00:00+00:00,178680,178750,178590
2026-01-27 19:05:00+00:00,178680,178700,178550
2026-01-27 19:10:00+00:00,178770,178860,178680
2026-01-27 19:15:00+00:00,178810,178880,178710
2026-01-27 19:20:00+00:00,178820,178870,178770
2026-01-27 19:25:00+00:00,178730,178830,178660
2026-01-27 19:30:00+00:00,178710,178790,178700
2026-01-27 19:35:00+00:00,178650,178730,178590
2026-01-27 19:40:00+00:00,178590,178650,178540
2026-01-27 19:45:00+00:00,178530,178640,178500
2026-01-27 19:50:00+00:00,178680,178700,178500
2026-01-27 19:55:00+00:00,178640,178710,178600
2026-01-28 13:05:00+00:00,179630,179890,179550
2026-01-28 13:10:00+00:00,179530,179850,179430
2026-01-28 13:15:00+00:00,179850,179930,179490
2026-01-28 13:20:00+00:00,180220,180280,179760
2026-01-28 13:25:00+00:00,180690,180730,180270
2026-01-28 13:30:00+00:00,180870,181060,180690
2026-01-28 13:35:00+00:00,181110,181180,180830
2026-01-28 13:40:00+00:00,180780,181120,180610
2026-01-28 13:45:00+00:00,180980,181040,180750
2026-01-28 13:50:00+00:00,180660,181000,180660
2026-01-28 13:55:00+00:00,180840,180880,180660
2026-01-28 14:00:00+00:00,181060,181100,180630
2026-01-28 14:05:00+00:00,180480,181080,180440
2026-01-28 14:10:00+00:00,180720,180770,180320
2026-01-28 14:15:00+00:00,180970,181060,180600
2026-01-28 14:20:00+00:00,180570,181050,180570
2026-01-28 14:25:00+00:00,180750,180900,180500
2026-01-28 14:30:00+00:00,180530,180880,180280
2026-01-28 14:35:00+00:00,180780,180850,180510
2026-01-28 14:40:00+00:00,181150,181200,180700
2026-01-28 14:45:00+00:00,181460,181690,181080
2026-01-28 14:50:00+00:00,181200,181490,180890
2026-01-28 14:55:00+00:00,181220,181290,180900
2026-01-28 15:00:00+00:00,181260,181450,181130
2026-01-28 15:05:00+00:00,180690,181310,180340
2026-01-28 15:10:00+00:00,180790,180900,180560
2026-01-28 15:15:00+00:00,180470,180860,180410
2026-01-28 15:20:00+00:00,180410,180470,180160
2026-01-28 15:25:00+00:00,180110,180490,180060
2026-01-28 15:30:00+00:00,180000,180300,179960
2026-01-28 15:35:00+00:00,180070,180130,179850
2026-01-28 15:40:00+00:00,180100,180240,179930
2026-01-28 15:45:00+00:00,180380,180450,180070
2026-01-28 15:50:00+00:00,180380,180530,180260
2026-01-28 15:55:00+00:00,180240,180490,180220
2026-01-28 16:00:00+00:00,180570,180690,180270
2026-01-28 16:05:00+00:00,180540,180700,180510
2026-01-28 16:10:00+00:00,180190,180580,180160
2026-01-28 16:15:00+00:00,180380,180440,180220
2026-01-28 16:20:00+00:00,180490,180500,180310
2026-01-28 16:25:00+00:00,180590,180590,180420
2026-01-28 16:30:00+00:00,180310,180660,180210
2026-01-28 16:35:00+00:00,180430,180460,180240
2026-01-28 16:40:00+00:00,180420,180540,180370
2026-01-28 16:45:00+00:00,180560,180670,180420
2026-01-28 16:50:00+00:00,180270,180620,180240
2026-01-28 16:55:00+00:00,180430,180440,180230
2026-01-28 17:00:00+00:00,180530,180550,180260
2026-01-28 17:05:00+00:00,180360,180480,180140
2026-01-28 17:10:00+00:00,180330,180410,180200
2026-01-28 17:15:00+00:00,180090,180330,180020
2026-01-28 17:20:00+00:00,179870,180120,179870
2026-01-28 17:25:00+00:00,179940,180080,179860
2026-01-28 17:30:00+00:00,179960,180060,179880
2026-01-28 17:35:00+00:00,180050,180100,179950
2026-01-28 17:40:00+00:00,180090,180200,179950
2026-01-28 17:45:00+00:00,180160,180190,180040
2026-01-28 17:50:00+00:00,180390,180400,180120
2026-01-28 17:55:00+00:00,180110,180420,180080
2026-01-28 18:00:00+00:00,180180,180220,180040
2026-01-28 18:05:00+00:00,180120,180190,180070
2026-01-28 18:10:00+00:00,179980,180160,179910
2026-01-28 18:15:00+00:00,180050,180080,179820
2026-01-28 18:20:00+00:00,180130,180190,180030
2026-01-28 18:25:00+00:00,180180,180200,180100
2026-01-28 18:30:00+00:00,180120,180180,179910
2026-01-28 18:35:00+00:00,180050,180180,180020
2026-01-28 18:40:00+00:00,180130,180220,180030
2026-01-28 18:45:00+00:00,180030,180150,180000
2026-01-28 18:50:00+00:00,179730,180120,179630
2026-01-28 18:55:00+00:00,179630,179740,179200
2026-01-28 19:00:00+00:00,179230,179650,179040
2026-01-28 19:05:00+00:00,179650,179730,179260
2026-01-28 19:10:00+00:00,179620,179880,179560
2026-01-28 19:15:00+00:00,179620,179750,179540
2026-01-28 19:20:00+00:00,179900,179960,179520
2026-01-28 19:25:00+00:00,179660,180070,179660
2026-01-28 19:30:00+00:00,179730,179930,179440
2026-01-28 19:35:00+00:00,179830,179890,179680
2026-01-28 19:40:00+00:00,179730,179900,179610
2026-01-28 19:45:00+00:00,180250,180310,179720
2026-01-28 19:50:00+00:00,180250,180500,180220
2026-01-28 19:55:00+00:00,179940,180280,179930
2026-01-29 13:10:00+00:00,182470,182620,182300
2026-01-29 13:15:00+00:00,182330,182540,182160
2026-01-29 13:20:00+00:00,182570,182630,182080
2026-01-29 13:25:00+00:00,182500,182590,182290
2026-01-29 13:30:00+00:00,182710,183140,182430
2026-01-29 13:35:00+00:00,182700,182820,182540
2026-01-29 13:40:00+00:00,182750,183030,182660
2026-01-29 13:45:00+00:00,182660,182730,182360
2026-01-29 13:50:00+00:00,182640,182740,182490
2026-01-29 13:55:00+00:00,182650,182690,182520
2026-01-29 14:00:00+00:00,182480,182700,182430
2026-01-29 14:05:00+00:00,182350,182560,182270
2026-01-29 14:10:00+00:00,182250,182520,182200
2026-01-29 14:15:00+00:00,182600,182600,182190
2026-01-29 14:20:00+00:00,182540,182790,182520
2026-01-29 14:25:00+00:00,182350,182610,182270
2026-01-29 14:30:00+00:00,182240,182490,182010
2026-01-29 14:35:00+00:00,182390,182570,182210
2026-01-29 14:40:00+00:00,182770,182840,182410
2026-01-29 14:45:00+00:00,182350,182780,182280
2026-01-29 14:50:00+00:00,181650,182490,181650
2026-01-29 14:55:00+00:00,180820,181690,180720
2026-01-29 15:00:00+00:00,180880,181250,179870
2026-01-29 15:05:00+00:00,180680,181070,180560
2026-01-29 15:10:00+00:00,180420,180910,180410
2026-01-29 15:15:00+00:00,180410,180780,180010
2026-01-29 15:20:00+00:00,180370,180600,180220
2026-01-29 15:25:00+00:00,179710,180430,179570
2026-01-29 15:30:00+00:00,179860,180000,179660
2026-01-29 15:35:00+00:00,179790,179990,179670
2026-01-29 15:40:00+00:00,179030,179780,178990
2026-01-29 15:45:00+00:00,178790,179250,178750
2026-01-29 15:50:00+00:00,178320,179070,178120
2026-01-29 15:55:00+00:00,178440,178740,178200
2026-01-29 16:00:00+00:00,178480,178760,178340
2026-01-29 16:05:00+00:00,178690,178800,178480
2026-01-29 16:10:00+00:00,179280,179290,178630
2026-01-29 16:15:00+00:00,179320,179460,179160
2026-01-29 16:20:00+00:00,179220,179500,178870
2026-01-29 16:25:00+00:00,179230,179410,179150
2026-01-29 16:30:00+00:00,179230,179470,179200
2026-01-29 16:35:00+00:00,179190,179350,179140
2026-01-29 16:40:00+00:00,178970,179300,178890
2026-01-29 16:45:00+00:00,179110,179150,178880
2026-01-29 16:50:00+00:00,178950,179200,178800
2026-01-29 16:55:00+00:00,179030,179100,178880
2026-01-29 17:00:00+00:00,179240,179300,178990
2026-01-29 17:05:00+00:00,179420,179640,179160
2026-01-29 17:10:00+00:00,179420,179570,179400
2026-01-29 17:15:00+00:00,179690,179700,179430
2026-01-29 17:20:00+00:00,179860,180010,179690
2026-01-29 17:25:00+00:00,180090,180130,179710
2026-01-29 17:30:00+00:00,180010,180400,179930
2026-01-29 17:35:00+00:00,180050,180170,179970
2026-01-29 17:40:00+00:00,179870,180070,179750
2026-01-29 17:45:00+00:00,179840,179890,179680
2026-01-29 17:50:00+00:00,179470,179850,179390
2026-01-29 17:55:00+00:00,179510,179570,179370
2026-01-29 18:00:00+00:00,179450,179630,179200
2026-01-29 18:05:00+00:00,179650,179690,179450
2026-01-29 18:10:00+00:00,179670,179800,179620
2026-01-29 18:15:00+00:00,179920,179960,179590
2026-01-29 18:20:00+00:00,179640,179920,179630
2026-01-29 18:25:00+00:00,179710,179770,179570
2026-01-29 18:30:00+00:00,179620,179780,179450
2026-01-29 18:35:00+00:00,179610,179780,179560
2026-01-29 18:40:00+00:00,179560,179670,179510
2026-01-29 18:45:00+00:00,179690,179700,179480
2026-01-29 18:50:00+00:00,179710,179740,179560
2026-01-29 18:55:00+00:00,179540,179850,179540
2026-01-29 19:00:00+00:00,179730,179740,179460
2026-01-29 19:05:00+00:00,179800,179820,179650
2026-01-29 19:10:00+00:00,179820,179970,179780
2026-01-29 19:15:00+00:00,179770,179880,179670
2026-01-29 19:20:00+00:00,180250,180310,179770
2026-01-29 19:25:00+00:00,180130,180380,179940
2026-01-29 19:30:00+00:00,179850,180140,179810
2026-01-29 19:35:00+00:00,179900,180000,179800
2026-01-29 19:40:00+00:00,179940,179960,179730
2026-01-29 19:45:00+00:00,179900,179950,179780
2026-01-29 19:50:00+00:00,179970,179970,179860
2026-01-29 19:55:00+00:00,179630,179980,179600
2026-01-30 13:10:00+00:00,179130,179260,178950
2026-01-30 13:15:00+00:00,179500,179620,179060
2026-01-30 13:20:00+00:00,179780,179790,179400
2026-01-30 13:25:00+00:00,179850,180070,179530
2026-01-30 13:30:00+00:00,179830,179830,179460
2026-01-30 13:35:00+00:00,179450,179900,179450
2026-01-30 13:40:00+00:00,179460,179690,179330
2026-01-30 13:45:00+00:00,179290,179510,179200
2026-01-30 13:50:00+00:00,179240,179410,179110
2026-01-30 13:55:00+00:00,179340,179370,179070
2026-01-30 14:00:00+00:00,179280,179410,179210
2026-01-30 14:05:00+00:00,179350,179440,179160
2026-01-30 14:10:00+00:00,179260,179430,179220
2026-01-30 14:15:00+00:00,179360,179510,179330
2026-01-30 14:20:00+00:00,179400,179410,179170
2026-01-30 14:25:00+00:00,179420,179450,179170
2026-01-30 14:30:00+00:00,179550,179660,179340
2026-01-30 14:35:00+00:00,179280,179580,179240
2026-01-30 14:40:00+00:00,179390,179450,179090
2026-01-30 14:45:00+00:00,179600,179730,179260
2026-01-30 14:50:00+00:00,179590,179860,179520
2026-01-30 14:55:00+00:00,179350,179560,179270
2026-01-30 15:00:00+00:00,179200,179590,179140
2026-01-30 15:05:00+00:00,179430,179550,179200
2026-01-30 15:10:00+00:00,179530,179650,179390
2026-01-30 15:15:00+00:00,179750,179830,179560
2026-02-02 18:45:00+00:00,178640,178680,178610
2026-02-02 18:50:00+00:00,178540,178660,178530
2026-02-02 18:55:00+00:00,178450,178580,178450
2026-02-02 19:00:00+00:00,178370,178490,178350
2026-02-02 19:05:00+00:00,178290,178400,178270
2026-02-02 19:10:00+00:00,178410,178460,178260
2026-02-02 19:15:00+00:00,178270,178460,178240
2026-02-02 19:20:00+00:00,178250,178370,178220
2026-02-02 19:25:00+00:00,178200,178320,178140
2026-02-02 19:30:00+00:00,178180,178260,178100
2026-02-02 19:35:00+00:00,178280,178330,178160
2026-02-02 19:40:00+00:00,178310,178370,178260
2026-02-02 19:45:00+00:00,178330,178400,178250
2026-02-02 19:50:00+00:00,178340,178460,178340
2026-02-02 19:55:00+00:00,178390,178560,178370
2026-02-03 13:05:00+00:00,181680,181840,181630
2026-02-03 13:10:00+00:00,181480,181850,181460
2026-02-03 13:15:00+00:00,181030,181490,180860
2026-02-03 13:20:00+00:00,181350,181350,180790
2026-02-03 13:25:00+00:00,181560,181580,181230
2026-02-03 13:30:00+00:00,181630,181750,181470
2026-02-03 13:35:00+00:00,181850,182020,181640
2026-02-03 13:40:00+00:00,181940,182120,181790
2026-02-03 13:45:00+00:00,182120,182190,181910
2026-02-03 13:50:00+00:00,182160,182270,182010
2026-02-03 13:55:00+00:00,182670,182670,182160
2026-02-03 14:00:00+00:00,182900,182900,182520
2026-02-03 14:05:00+00:00,182990,183030,182770
2026-02-03 14:10:00+00:00,182850,183070,182820
2026-02-03 14:15:00+00:00,183020,183050,182830
2026-02-03 14:20:00+00:00,183140,183140,182960
2026-02-03 14:25:00+00:00,182920,183170,182840
2026-02-03 14:30:00+00:00,183270,183270,182830
2026-02-03 14:35:00+00:00,183500,183540,183180
2026-02-03 14:40:00+00:00,183510,183620,183310
2026-02-03 14:45:00+00:00,183690,183790,183430
2026-02-03 14:50:00+00:00,183680,183810,183600
2026-02-03 14:55:00+00:00,183260,183650,183260
2026-02-03 15:00:00+00:00,183230,183370,183080
2026-02-03 15:05:00+00:00,183100,183260,183010
2026-02-03 15:10:00+00:00,182770,183160,182660
2026-02-03 15:15:00+00:00,182850,182900,182630
2026-02-03 15:20:00+00:00,182970,183110,182840
2026-02-03 15:25:00+00:00,182920,183150,182840
2026-02-03 15:30:00+00:00,183000,183010,182860
2026-02-03 15:35:00+00:00,182880,183040,182710
2026-02-03 15:40:00+00:00,182750,182990,182700
2026-02-03 15:45:00+00:00,182810,182890,182650
2026-02-03 15:50:00+00:00,182910,183000,182840
2026-02-03 15:55:00+00:00,182900,182990,182850
2026-02-03 16:00:00+00:00,182830,182960,182750
2026-02-03 16:05:00+00:00,182870,182920,182760
2026-02-03 16:10:00+00:00,182890,182890,182720
2026-02-03 16:15:00+00:00,182810,182920,182730
2026-02-03 16:20:00+00:00,182810,182920,182730
2026-02-03 16:25:00+00:00,182590,182980,182590
2026-02-03 16:30:00+00:00,182810,182810,182520
2026-02-03 16:35:00+00:00,182880,182880,182710
2026-02-03 16:40:00+00:00,182830,182880,182770
2026-02-03 16:45:00+00:00,182730,182860,182700
2026-02-03 16:50:00+00:00,182670,182780,182560
2026-02-03 16:55:00+00:00,182410,182660,182370
2026-02-03 17:00:00+00:00,182280,182460,182270
2026-02-03 17:05:00+00:00,182200,182300,182140
2026-02-03 17:10:00+00:00,182060,182300,181940
2026-02-03 17:15:00+00:00,182160,182180,181930
2026-02-03 17:20:00+00:00,182180,182200,182030
2026-02-03 17:25:00+00:00,182040,182220,182030
2026-02-03 17:30:00+00:00,181970,182090,181970
2026-02-03 17:35:00+00:00,181980,182090,181910
2026-02-03 17:40:00+00:00,181580,181990,181550
2026-02-03 17:45:00+00:00,181780,181780,181460
2026-02-03 17:50:00+00:00,181750,181910,181750
2026-02-03 17:55:00+00:00,181790,181860,181730
2026-02-03 18:00:00+00:00,181860,181870,181680
2026-02-03 18:05:00+00:00,181660,181870,181630
2026-02-03 18:10:00+00:00,181530,181750,181420
2026-02-03 18:15:00+00:00,181490,181580,181360
2026-02-03 18:20:00+00:00,181420,181550,181390
2026-02-03 18:25:00+00:00,181330,181510,181290
2026-02-03 18:30:00+00:00,181410,181470,181300
2026-02-03 18:35:00+00:00,181470,181530,181300
2026-02-03 18:40:00+00:00,181320,181550,181300
2026-02-03 18:45:00+00:00,181380,181470,181320
2026-02-03 18:50:00+00:00,181430,181510,181360
2026-02-03 18:55:00+00:00,181420,181650,181420
2026-02-03 19:00:00+00:00,181250,181550,181170
2026-02-03 19:05:00+00:00,181260,181350,181160
2026-02-03 19:10:00+00:00,181730,181850,181260
2026-02-03 19:15:00+00:00,181990,182040,181720
2026-02-03 19:20:00+00:00,181880,182030,181870
2026-02-03 19:25:00+00:00,181790,181890,181740
2026-02-03 19:30:00+00:00,181740,181870,181650
2026-02-03 19:35:00+00:00,182000,182020,181760
2026-02-03 19:40:00+00:00,181900,182070,181860
2026-02-03 19:45:00+00:00,181820,182030,181820
2026-02-03 19:50:00+00:00,181390,181950,181260
2026-02-03 19:55:00+00:00,181650,181720,181380
2026-02-04 13:05:00+00:00,180850,181190,180850
2026-02-04 13:10:00+00:00,180850,181000,180670
2026-02-04 13:15:00+00:00,180800,181280,180760
2026-02-04 13:20:00+00:00,181210,181270,180740
2026-02-04 13:25:00+00:00,180990,181260,180900
2026-02-04 13:30:00+00:00,180880,180990,180700
2026-02-04 13:35:00+00:00,180920,180980,180630
2026-02-04 13:40:00+00:00,180800,181020,180750
2026-02-04 13:45:00+00:00,180880,180980,180750
2026-02-04 13:50:00+00:00,180920,181050,180790
2026-02-04 13:55:00+00:00,180480,180960,180450
2026-02-04 14:00:00+00:00,180240,180520,180240
2026-02-04 14:05:00+00:00,180300,180320,179990
2026-02-04 14:10:00+00:00,180330,180380,180220
2026-02-04 14:15:00+00:00,180260,180510,180170
2026-02-04 14:20:00+00:00,179950,180300,179830
2026-02-04 14:25:00+00:00,180220,180280,179880
2026-02-04 14:30:00+00:00,180100,180350,179940
2026-02-04 14:35:00+00:00,179570,180260,179540
2026-02-04 14:40:00+00:00,179470,179720,179300
2026-02-04 14:45:00+00:00,179450,179680,179360
2026-02-04 14:50:00+00:00,179570,179570,179350
2026-02-04 14:55:00+00:00,179340,179690,179250
2026-02-04 15:00:00+00:00,179460,179510,179250
2026-02-04 15:05:00+00:00,179690,179790,179410
2026-02-04 15:10:00+00:00,179670,179870,179510
2026-02-04 15:15:00+00:00,179750,179940,179630
2026-02-04 15:20:00+00:00,179890,179910,179710
2026-02-04 15:25:00+00:00,179830,180120,179780
2026-02-04 15:30:00+00:00,179460,179920,179430
2026-02-04 15:35:00+00:00,179690,179920,179350
2026-02-04 15:40:00+00:00,179770,179850,179620
2026-02-04 15:45:00+00:00,179520,179770,179400
2026-02-04 15:50:00+00:00,179390,179570,179200
2026-02-04 15:55:00+00:00,179060,179430,179060
2026-02-04 16:00:00+00:00,178890,179120,178800
2026-02-04 16:05:00+00:00,178800,178950,178720
2026-02-04 16:10:00+00:00,178830,179000,178710
2026-02-04 16:15:00+00:00,178550,178930,178510
2026-02-04 16:20:00+00:00,178510,178600,178370
2026-02-04 16:25:00+00:00,178560,178720,178410
2026-02-04 16:30:00+00:00,178440,178640,178400
2026-02-04 16:35:00+00:00,178380,178520,178350
2026-02-04 16:40:00+00:00,178130,178440,178130
2026-02-04 16:45:00+00:00,178130,178190,178040
2026-02-04 16:50:00+00:00,178210,178280,177920
2026-02-04 16:55:00+00:00,178380,178450,178170
2026-02-04 17:00:00+00:00,178160,178440,178110
2026-02-04 17:05:00+00:00,178080,178250,178060
2026-02-04 17:10:00+00:00,178370,178420,177950
2026-02-04 17:15:00+00:00,178190,178430,178180
2026-02-04 17:20:00+00:00,178100,178260,178050
2026-02-04 17:25:00+00:00,177870,178140,177630
2026-02-04 17:30:00+00:00,177730,177990,177580
2026-02-04 17:35:00+00:00,177450,177720,177430
2026-02-04 17:40:00+00:00,177640,177670,177220
2026-02-04 17:45:00+00:00,177470,177640,177370
2026-02-04 17:50:00+00:00,177430,177540,177310
2026-02-04 17:55:00+00:00,177500,177610,177400
2026-02-04 18:00:00+00:00,177630,177680,177400
2026-02-04 18:05:00+00:00,177360,177690,177320
2026-02-04 18:10:00+00:00,177350,177420,177210
2026-02-04 18:15:00+00:00,177380,177430,177200
2026-02-04 18:20:00+00:00,177560,177610,177290
2026-02-04 18:25:00+00:00,177700,177710,177490
2026-02-04 18:30:00+00:00,177450,177670,177380
2026-02-04 18:35:00+00:00,177480,177560,177380
2026-02-04 18:40:00+00:00,177250,177530,177180
2026-02-04 18:45:00+00:00,177120,177320,177050
2026-02-04 18:50:00+00:00,177020,177120,176850
2026-02-04 18:55:00+00:00,177070,177190,176950
2026-02-04 19:00:00+00:00,176900,177070,176860
2026-02-04 19:05:00+00:00,177130,177140,176760
2026-02-04 19:10:00+00:00,177040,177160,176910
2026-02-04 19:15:00+00:00,177230,177300,177010
2026-02-04 19:20:00+00:00,177140,177310,177040
2026-02-04 19:25:00+00:00,177080,177190,177010
2026-02-04 19:30:00+00:00,177140,177150,177010
2026-02-04 19:35:00+00:00,177070,177190,177010
2026-02-04 19:40:00+00:00,177250,177250,177020
2026-02-04 19:45:00+00:00,177480,177660,177210
2026-02-04 19:50:00+00:00,177550,177640,177360
2026-02-04 19:55:00+00:00,177610,177610,177470
2026-02-05 13:05:00+00:00,178770,178780,178550
2026-02-05 13:10:00+00:00,178750,178830,178620
2026-02-05 13:15:00+00:00,178930,178990,178650
2026-02-05 13:20:00+00:00,179430,179620,178850
2026-02-05 13:25:00+00:00,179010,179420,178930
2026-02-05 13:30:00+00:00,179200,179330,179000
2026-02-05 13:35:00+00:00,179340,179490,179100
2026-02-05 13:40:00+00:00,179090,179410,179080
2026-02-05 13:45:00+00:00,179160,179260,179010
2026-02-05 13:50:00+00:00,179030,179310,179030
2026-02-05 13:55:00+00:00,179090,179200,178980
2026-02-05 14:00:00+00:00,179420,179600,179080
2026-02-05 14:05:00+00:00,179250,179550,179240
2026-02-05 14:10:00+00:00,179400,179550,179220
2026-02-05 14:15:00+00:00,179460,179520,179300
2026-02-05 14:20:00+00:00,179930,179930,179490
2026-02-05 14:25:00+00:00,179450,179930,179450
2026-02-05 14:30:00+00:00,179190,179670,179100
2026-02-05 14:35:00+00:00,179960,180000,179240
2026-02-05 14:40:00+00:00,180420,180450,179900
2026-02-05 14:45:00+00:00,180230,180670,180230
2026-02-05 14:50:00+00:00,180120,180350,180000
2026-02-05 14:55:00+00:00,179730,180070,179630
2026-02-05 15:00:00+00:00,179480,179990,179350
2026-02-05 15:05:00+00:00,179350,179520,179200
2026-02-05 15:10:00+00:00,178830,179350,178830
2026-02-05 15:15:00+00:00,179040,179080,178740
2026-02-05 15:20:00+00:00,179070,179110,178870
2026-02-05 15:25:00+00:00,178770,179200,178650
2026-02-05 15:30:00+00:00,178390,179100,178380
2026-02-05 15:35:00+00:00,178600,178680,178020
2026-02-05 15:40:00+00:00,179260,179340,178640
2026-02-05 15:45:00+00:00,178900,179240,178620
2026-02-05 15:50:00+00:00,179180,179310,178910
2026-02-05 15:55:00+00:00,179300,179360,179120
2026-02-05 16:00:00+00:00,179200,179520,179190
2026-02-05 16:05:00+00:00,179080,179290,179020
2026-02-05 16:10:00+00:00,179050,179320,179000
2026-02-05 16:15:00+00:00,179350,179470,179030
2026-02-05 16:20:00+00:00,179570,179610,179380
2026-02-05 16:25:00+00:00,179410,179600,179350
2026-02-05 16:30:00+00:00,179350,179500,179260
2026-02-05 16:35:00+00:00,179330,179560,179280
2026-02-05 16:40:00+00:00,179440,179480,179280
2026-02-05 16:45:00+00:00,179470,179500,179330
